<?xml version="1.0" encoding="UTF-8"?>
<!DOCTYPE hibernate-configuration PUBLIC
		"-//Hibernate/Hibernate Configuration DTD 3.0//EN"
		"http://www.hibernate.org/dtd/hibernate-configuration-3.0.dtd">
<hibernate-configuration>
 <session-factory >
        <property name="hibernate.connection.driver_class">com.mysql.jdbc.Driver</property>
        <property name="hibernate.connection.password">231297</property>
        <property name="hibernate.connection.url">jdbc:mysql://localhost:3306/login</property>
        <property name="hibernate.connection.username">root</property>
        <property name="hibernate.dialect">org.hibernate.dialect.MySQL5Dialect</property>
        <property name="hbm2ddl.auto">update</property>
		<property name="show_sql">true</property>
		<property name="formate_sql">true</property>
		<mapping class="com.model.User"/>
		<mapping class="com.model.Blog"/>
		<mapping class="com.model.Donation"/>
		<mapping class="com.model.Seller_Reg"/>
		<mapping class="com.model.Product_Details"/>
		<mapping class="com.model.Cart"/>
		<mapping class="com.model.Wishlist"/>
			<mapping class="com.model.Thrift_product"/>
				
					<mapping class="com.model.Admin"/>
			<mapping class="com.model.FeedbackComplaint"/>
			<mapping class="com.model.Order_details"/>
    </session-factory>
</hibernate-configuration>
